DATE,VAL_US,MOM_US,VAL_UK,MOM_UK,VAL_EU,MOM_EU,VAL_JP,MOM_JP
199001,0.023294852,-0.029757718,-0.015294971,0.001742452,0.017443289,0.029878525,0.032576769,-0.020848362
199002,-0.001088213,0.000737277,-0.006751018,0.010342049,-0.014142868,0.026929552,-0.014462022,0.044541185
199003,-0.02315193,0.00267605,0.006340398,-0.003496792,-0.021578776,0.034343927,0.036214656,0.066039033
199004,-0.034943666,0.00575213,0.004705966,0.001456237,0.021611451,-0.057832578,0.064593396,-0.074175311
199005,-0.03496467,0.010895926,0.021933467,-0.002251631,0.003064599,0.000848023,-0.033514579,-0.034549789
199006,-0.024743044,0.015588472,0.00137371,0.012729445,-0.013854542,0.028080964,0.02242625,0.105691779
199007,0.009953081,0.027283199,-0.013355461,0.017622387,-0.028590858,0.04368185,0.008734692,0.031723152
199008,-0.00206707,0.007638942,-0.016018214,0.014812232,-0.022235619,-0.000580231,-0.01239946,0.024503371
199009,-0.002972048,0.037295369,-0.029912457,0.014516163,-0.018856322,0.023354148,0.025238438,-0.046138038
199010,-0.000865198,0.020003858,-0.012300152,0.032871815,-0.034328398,0.016043704,0.024853424,-0.052318492
199011,-0.000894667,-0.035026119,0.041832696,-0.021551844,-0.026421755,0.023467679,0.007478179,0.036087794
199012,0.009267552,-0.042422681,-0.017600202,-0.026954264,0.011176237,0.002436819,0.036276012,-0.094981688
199101,0.005207718,-0.020447403,-0.012920751,-0.000764598,0.033808676,-0.032860924,0.008397093,0.019312989
199102,-0.016931695,-0.013666988,0.050615742,-0.072720036,0.104037389,-0.138664045,0.045768697,-0.128308747
199103,-0.033553462,0.054190046,-0.009972216,-0.01604622,0.018749947,-0.004045862,0.006272748,0.01820473
199104,0.023737885,-0.029030439,-0.004833015,0.010365156,-0.023852276,0.00822171,0.017426653,0.002671048
199105,0.002323987,-0.00862256,-0.043179836,0.041919631,0.017954944,0.013583472,-0.005096276,0.009345364
199106,0.01782459,0.00927772,-0.047422437,0.011600109,-0.000377098,0.010913811,0.019516989,0.044619952
199107,-0.025572302,0.042815887,-0.00342939,0.036983601,0.013573922,0.027001328,0.016365475,-0.004931072
199108,-0.014937182,4.82578E-05,-0.002417546,-0.011929708,0.001668076,0.017575179,0.002748048,0.034560551
199109,-0.009691716,0.018502654,0.010822211,0.035487825,-0.001843746,0.038913867,0.012538102,-0.026633754
199110,-0.008621366,0.024865486,-0.005817501,0.028419577,8.28882E-05,0.016525075,-0.007355644,-0.009390325
199111,-0.016944732,9.44011E-05,-0.060184526,0.040194483,-0.012393447,0.015698941,0.009680682,0.024322306
199112,-0.064695423,0.079450348,-0.024548317,0.02482135,-0.006625215,0.013793778,-0.01302603,0.028910925
199201,0.034926213,-0.01384969,-0.005727925,0.020264292,0.053632846,0.010025062,0.035865797,0.001145075
199202,0.025354892,-0.018772079,-0.00531316,0.039310343,-0.001647543,0.000200328,-0.005831735,0.003552824
199203,0.038263323,-0.00801178,0.023655545,-0.013559059,-0.011879403,0.018566671,0.015004182,0.023805199
199204,0.066859501,-0.04328447,0.064510962,-0.042866135,0.025229123,-0.014574013,0.064451681,-0.003197414
199205,0.007670082,-0.014003186,0.019030302,-0.001539494,0.015844944,0.000284207,-0.014499072,-0.008933851
199206,0.024392813,-0.014653375,-0.015064758,0.058494389,-0.013029735,0.028567634,-0.001029561,0.064021304
199207,-0.004872688,0.019222284,-0.011551941,0.036625102,-0.032672866,0.063465676,0.035821341,-2.07098E-05
199208,-0.007782395,-0.012000951,-0.000969101,0.052043366,-0.012339494,0.042069624,0.008840473,-0.046893259
199209,-0.017355194,0.017738728,-0.008329767,0.024650289,-0.014484826,0.034832784,0.004254244,0.007174332
199210,-0.026115568,0.015258147,0.022708556,-0.031754518,0.030936401,-0.043651969,0.018885193,0.03705997
199211,-0.02904432,0.011830201,0.009204567,-0.004164607,0.013631075,-0.011683854,0.00702587,-0.012932719
199212,0.005055032,0.035688695,0.016616441,-0.007747687,-0.00525998,0.017641352,0.024988278,-0.000853441
199301,0.028993607,0.038907651,0.045227991,-0.044051937,0.036706865,-0.027946576,-0.002077413,0.001349853
199302,0.077037014,0.002055718,0.046055434,0.017788007,-0.001832799,-0.004245714,-0.006947499,-0.005822113
199303,-0.015316846,0.044896615,0.038149083,0.01228955,0.001526973,0.004823594,0.052210081,-0.074603041
199304,0.030991772,0.004174706,0.031493658,-0.047068437,0.021675941,0.015326245,0.058942355,-0.031513828
199305,-0.033687654,0.021739221,0.006782928,-0.000240997,-0.002099703,0.012702591,0.013441487,-0.000885127
199306,0.014079347,0.045141215,0.002392141,0.024487345,0.003712955,0.014075083,0.006818894,0.016309614
199307,0.019808881,0.017566739,0.040271577,0.00583932,0.00862773,-0.026480083,0.008711154,0.005829211
199308,-0.014895198,0.0369066,0.017843365,-0.020304304,0.026175552,0.016508388,-0.006724251,0.002794738
199309,-0.027670342,0.041646787,0.012171348,0.051693069,-0.005754069,0.008841944,-0.013994256,0.023593744
199310,0.005270896,-0.031940032,-0.001497486,0.018618923,-0.023635727,0.015859635,0.035342692,-0.004169278
199311,0.021312378,-0.051742818,-0.004555435,0.008881899,0.011988278,-0.013065613,-0.016202655,-0.001504277
199312,-0.008577868,0.02211381,0.020485016,0.032112576,0.018175905,0.021360039,0.021711709,0.020821136
199401,0.013841575,-0.015761489,0.021203123,0.038859032,0.038665653,0.023424074,0.038480965,-0.048559702
199402,-0.007479721,0.00936156,-0.008797219,-0.004158361,0.000551427,0.001150742,0.012890026,0.028210923
199403,0.01732588,-0.019041631,0.013666317,-0.006262502,0.025157573,-0.01175681,0.023556078,-0.001371021
199404,0.012076338,0.008354402,-0.02544195,-0.000768233,0.026186863,0.002500233,0.033053596,-0.021378149
199405,0.009085569,-0.01042489,0.006682424,-0.005466465,0.017137526,-0.008617864,0.019147391,-0.029047784
199406,0.033990608,-0.028180448,0.019466636,-0.021494273,-0.004387284,-0.004852985,0.019129085,0.017394487
199407,0.018518744,-0.003332346,0.020005344,0.022359238,0.016499246,0.008650011,0.004356976,-0.015307632
199408,-0.033705703,0.021950812,0.040070971,-0.007191549,-0.009447115,-0.006717211,0.016724212,0.004341357
199409,-0.020841187,0.021464042,-0.001186994,0.018046931,-0.007871063,0.006762406,0.015830471,0.019436313
199410,-0.0197085,0.007240573,0.011490731,0.014389232,-0.006623794,-0.000964858,0.004099879,0.031163765
199411,0.00930933,-0.008344241,-0.001687169,0.004189321,0.000763498,-0.01154495,0.006878843,-0.006688116
199412,-0.011368668,0.022701959,0.021024433,0.027285554,0.00483488,-0.000924638,0.00829339,0.00047612
199501,0.029934786,-0.033876364,-0.027817748,0.015153779,0.022948558,0.012256827,0.02994367,-0.065076401
199502,-0.008409396,0.01003823,0.013294823,-0.000390004,-0.013139634,0.001344644,0.022428732,0.016268426
199503,-0.025560557,0.013650226,0.005768162,-0.044167995,-0.017524809,-0.013292404,0.008616686,-0.013912802
199504,0.019719254,0.009620153,0.014563087,0.010396598,0.004423669,0.012403661,-0.00176512,0.013363928
199505,0.013546297,-0.019291955,0.004793891,0.007723524,0.00633354,-0.012582409,0.016687272,0.007403431
199506,-0.049265469,0.047549694,-0.019500596,0.035878124,-0.026171749,0.038818611,-0.011692225,0.003778791
199507,-0.042331406,0.0427915,0.036007314,0.00619617,0.007684331,0.007664953,0.016855801,-0.057055651
199508,0.005040156,0.003022524,-0.035111414,0.022905921,-0.013586567,0.011815497,0.005808072,-0.040517784
199509,-0.011971047,0.030100565,-0.036199786,0.039095933,-0.00865438,0.05067128,-0.016495634,0.015555742
199510,-0.020957305,0.033734204,-0.026578378,0.038710354,-0.012474764,0.033472858,-0.00321138,0.021688997
199511,0.001551228,-0.030737673,0.007222182,0.025716987,0.003139898,0.032752071,0.005578136,-0.019240261
199512,0.010428613,-0.005922379,0.018643765,-0.015437632,-0.005363108,0.033188184,0.034173061,-0.039435361
199601,0.015808464,0.001112786,0.001140501,-0.020554254,0.009786383,-0.011217803,0.027489753,-0.034815943
199602,-0.027533603,0.016020325,-0.005082241,-0.005597534,-0.002012529,0.004811297,-0.002694756,0.000964153
199603,0.007041936,-0.005232693,-0.000625915,0.014106982,-0.008949377,0.043544525,0.005791511,-0.000761243
199604,-0.055872477,0.032902519,-0.010586701,0.017688352,0.016884546,0.009035669,0.023594333,-0.018654654
199605,-0.02998103,0.029266838,-0.033077529,0.026183375,-0.016242408,0.00686922,0.001964538,-0.014798285
199606,0.046131096,-0.010945358,0.011257517,0.008596278,-0.014414791,0.020458763,0.003843398,0.002906438
199607,0.027506245,-0.019250083,0.014570581,-0.024050176,-0.009720566,0.010242944,0.006365146,-0.036948212
199608,-0.002763707,0.003716593,-0.014982633,0.023672241,-0.014869398,0.019918733,0.000753492,0.002909121
199609,-0.05428516,0.034036202,-0.011982615,0.013150192,-0.004569321,0.016419885,0.007646649,-0.005448354
199610,0.047878772,0.003631539,-0.018619006,0.012618996,-0.013170563,0.033297039,0.00738138,0.011826385
199611,0.028120889,-0.048642594,0.005361164,-0.002049849,0.00956592,0.000758,-0.004665729,0.007801445
199612,0.015746613,0.004448757,0.032215014,0.003341195,0.020246346,0.011049005,-0.002322055,0.00645983
199701,0.01207655,-0.001154013,0.001261652,0.024085129,0.011549024,0.003986677,-0.018442702,0.013112147
199702,0.064069495,-0.057033672,-0.008885298,-0.011862138,0.00892541,-2.97345E-05,-0.013028334,0.018565815
199703,0.048076902,0.009648811,0.016691238,-0.000347174,0.020030783,0.002034928,-0.003615507,0.039869292
199704,-0.011420174,0.024161541,0.027189701,0.015632897,0.002906748,0.013652699,-0.025152513,0.042805018
199705,-0.020959049,-0.040741223,-0.010406315,0.037131644,-0.015654043,0.026262279,-0.006912198,-0.041416636
199706,-0.007109122,0.01123942,0.027086583,0.019169891,-0.006567406,0.023302034,0.011395822,0.015088995
199707,-0.01152036,0.053626825,0.004367722,0.038215993,0.009655183,0.027258293,-0.078479926,0.14852371
199708,0.020620157,-0.008094561,-0.006240642,-0.010069266,0.013516387,-0.016924281,0.013301997,-0.004211298
199709,-0.005121423,0.011676427,-0.008306548,-0.024967797,0.005947866,0.032925438,-0.071996089,0.122217358
199710,0.016907709,-0.015926584,-0.029969347,0.049405812,-0.002958864,-0.019574884,0.046931097,-0.037843527
199711,0.026519246,-0.017264138,-0.007364684,0.022999876,-0.003452974,-0.018168275,-0.058824115,0.091847828
199712,0.012588352,0.017143713,0.002210935,0.037174996,-0.00643668,-0.016068188,-0.096499611,0.105888698
199801,-0.004367032,0.012489981,-0.030899442,0.073874519,-0.002471081,0.017449804,0.154986453,-0.165896005
199802,-0.018371284,-0.002649875,0.002081687,-0.019430045,-0.004399667,0.010832697,0.063674129,-0.069454724
199803,0.006809629,0.014205124,0.043433295,0.003052462,0.038775047,0.063258431,-0.014690924,0.054708805
199804,-0.008392782,0.003296732,-5.45496E-05,-0.017795349,-0.008640007,0.001232468,-0.059487176,0.053507771
199805,0.028136223,0.004002316,-0.01911048,-0.001465862,-0.010507692,0.024585064,0.005071742,0.004386434
199806,-0.068674919,0.093365992,-0.015577736,0.057480222,-0.018268486,0.015816921,0.037642082,-0.023229431
199807,-0.016786142,0.030180429,-0.032625415,0.045112241,-0.043207882,0.035840968,-0.022375598,0.008286011
199808,0.049664998,0.024018317,-0.030378486,0.021455382,-0.015084383,0.013872148,-0.030401205,0.058427929
199809,-0.015462589,0.011197238,-0.022988806,0.051972504,-0.013620461,-0.010234351,-0.01164846,0.022685575
199810,0.030828254,-0.093676178,0.054551717,-0.094876002,0.029987927,-0.002896114,0.028545338,-0.081893432
199811,-0.051435,0.031368412,-0.016809692,0.078881934,-0.032124917,0.036426764,0.026349009,-0.030782323
199812,-0.102028404,0.106605469,-0.065942213,0.063118618,-0.036555227,0.052978232,-0.028737951,0.061383217
199901,-0.105990053,0.109857038,-0.032342985,0.02850927,-0.026217482,0.036732769,-0.004953724,0.002380726
199902,0.036288678,-0.027316604,0.081922001,-0.072436542,0.003062153,-0.007611008,-0.019347367,0.020736428
199903,-0.03851578,0.045235351,0.032089631,-0.057318705,0.058839954,-0.084657453,-0.038410208,-0.012488787
199904,0.098712439,-0.107138687,0.105536912,-0.124892075,0.054174488,-0.057473042,0.020321847,-0.008775431
199905,0.05473092,-0.039350279,0.024782523,0.002643889,-0.012790767,0.020162241,0.002637535,-0.004894166
199906,-0.063174095,0.071091095,0.032905265,0.003021199,0.002088555,0.016794499,-0.097298883,0.114365259
199907,0.014852181,0.021889024,0.005428205,0.009292902,0.021730926,0.006340958,-0.031608457,0.041202526
199908,-0.047450549,0.057358866,0.005376492,-0.013636521,-0.015271683,0.024758093,-0.07950265,0.08981562
199909,-0.048654568,0.068236757,-0.058703876,0.012261413,-0.041960024,0.040423254,-0.063648853,0.084395662
199910,-0.081863766,0.091096167,-0.122141445,0.104649693,-0.038069549,0.047315829,-0.093506033,0.091397476
199911,-0.115662975,0.104476393,-0.212142096,0.21739991,-0.081972373,0.100631492,-0.188587677,0.171006459
199912,-0.15720725,0.204204903,-0.109067133,0.138832744,-0.008599669,0.024613072,-0.099151814,0.076862709
200001,-0.022069714,0.03896157,-0.133850463,0.119646311,-0.048046291,0.059957859,0.084471424,-0.06606776
200002,-0.320788527,0.312675577,-0.241205366,0.167885876,-0.157854134,0.138503092,-0.122844268,0.16342181
200003,0.211967406,-0.185040973,0.178891507,-0.171432569,0.096357416,-0.096417446,0.13970447,-0.155999182
200004,0.137948214,-0.110559845,0.156464108,-0.185261842,0.065249395,-0.067824918,0.080563682,-0.081762976
200005,0.106774448,-0.106646868,0.140863214,-0.170892229,0.056901542,-0.060328078,0.180847064,-0.182350429
200006,-0.180894605,0.178865252,0.033787937,-0.010201874,-0.010362216,-0.002776205,0.061271256,-0.031805923
200007,0.077919161,-0.053618229,-0.048225824,0.041066061,0.015447288,0.000369353,0.04341384,-0.04144578
200008,-0.090717975,0.115020773,-0.088109476,0.067419594,-0.019805631,0.051100501,-0.068261609,0.098710451
200009,0.045417889,-0.014218229,0.037818717,0.008867544,0.008612445,-0.019459917,0.04638771,-0.011430739
200010,0.110924613,-0.11669168,0.084118285,-0.093728736,0.090284206,-0.074564338,0.076114193,-0.016018122
200011,0.198994379,-0.142114782,0.206552284,-0.175157452,0.106259918,-0.079318149,0.085378154,-0.005705179
200012,0.040661015,0.047817751,-0.025635868,-0.010585256,0.029454675,0.000566223,0.053272042,-0.004346006
200101,0.076898564,-0.225026787,0.023125095,-0.099531443,0.035402745,-0.069217534,-0.015106814,-0.075952623
200102,0.177400888,0.12664408,0.124513207,0.128888032,0.118633442,0.070265804,0.094860686,0.03550774
200103,0.104607257,0.109069845,0.065635402,0.085544862,0.032464248,0.028236419,0.009032428,-0.005395472
200104,-0.072000502,-0.130829383,-0.007896123,-0.042324579,-0.030124425,-0.074403122,0.057656711,0.035969104
200105,0.014403927,0.057912778,0.071358916,0.050076373,0.024729043,0.060788689,0.001991404,0.003326706
200106,-0.002199064,0.001219562,0.069764912,0.106484075,0.015726106,0.086717649,0.060730866,0.061349101
200107,0.040803068,0.085635211,0.001401319,-0.012641481,0.01198015,0.039573668,0.041583057,0.051976675
200108,0.027609209,0.084021448,0.018272447,0.071175317,0.01870553,0.072845496,0.06204257,0.05632478
200109,-0.011610767,0.131186281,-0.039394636,0.119430179,-0.025966441,0.111314824,0.005406764,0.021617776
200110,-0.000330461,-0.124078874,-0.00499758,-0.121819216,0.035284976,-0.1104183,-0.056061452,-0.044803488
200111,0.009422293,-0.098421182,0.049109645,-0.092816347,0.034655313,-0.110158013,-0.007680439,-0.099115959
200112,0.018359764,0.021135321,0.001751632,0.043284708,0.012029616,0.017100036,0.007491003,0.018857826
200201,0.001074436,0.047081839,0.008374273,0.039999935,0.03328763,0.037540436,0.030228623,-0.0260594
200202,0.016299137,0.096083599,-0.014676462,0.094257651,0.017364062,0.043054784,0.043953928,-0.019790989
200203,0.035564351,-0.034355608,0.012199286,-0.026620914,0.00286229,-0.061081413,-0.011157701,-0.058028424
200204,0.000964177,0.084979813,0.024903157,0.091807342,0.035688779,0.063146325,0.004496783,-0.015942556
200205,0.003831129,0.027217412,0.004891462,0.021332045,-0.003632537,0.058441379,0.032441425,-0.015029874
200206,-0.033100393,0.10953819,0.017311124,0.060744069,-0.01241061,0.093148005,-0.001248886,0.038227568
200207,-0.059539345,0.040490848,-0.012175956,0.042444959,0.019021111,0.039555939,0.026053199,0.017924466
200208,0.029461545,0.008761404,0.014217094,0.042810806,0.004424926,0.030219702,0.020151426,0.004200121
200209,-0.082628899,0.128522872,-0.053542799,0.142798192,-0.065453518,0.166117999,0.04045671,0.024104292
200210,0.014509615,-0.052134905,0.05058896,-0.028385206,0.053835335,-0.103455068,-0.002576013,0.040313928
200211,0.097627605,-0.180999168,0.014444965,-0.08959963,0.080647799,-0.117641516,-0.008599712,-0.049637859
200212,-0.014870764,0.103286396,-0.005636164,0.102111079,-0.002414508,0.146992882,0.029339054,0.042293049
200301,-0.013038412,-0.013737106,0.040327269,-0.003644362,0.00671647,-0.006534517,0.037577203,0.006913873
200302,-0.014453485,0.011411314,0.017509411,0.079531068,-0.050398554,0.093885755,0.046241233,0.017560212
200303,-0.012526488,0.008385042,1.05373E-05,0.021272636,-0.030063045,0.034137076,0.009502213,0.040570926
200304,0.036491311,-0.071630212,0.025579252,-0.094518432,0.07121924,-0.137594476,-0.006185357,0.045788568
200305,0.053034072,-0.067342623,0.057793568,-0.06041897,0.014451327,-0.031556036,0.003686421,-0.068454784
200306,0.002954863,-0.004399876,0.024738975,-0.003272793,0.037197068,-0.034671265,0.039373946,-0.074871895
200307,-0.013021609,-0.013666615,0.022249211,-0.018364461,0.042769816,-0.066416538,-0.015605293,-0.009084669
200308,0.020263107,0.005339535,-0.010746643,-0.041124711,0.006653855,-0.050506081,0.007251914,-0.015706855
200309,-0.00121736,-0.006841799,-0.008684064,0.021905509,-0.014899403,0.031562266,-0.014736932,6.5163E-05
200310,-0.005257458,0.062034261,-0.008892521,0.021311629,0.0091593,0.059403867,-0.061224283,0.074990383
200311,0.008222444,0.016332027,0.016566062,-0.022489241,0.009709504,0.001921998,0.030820813,-0.050740469
200312,0.04647478,-0.060280127,0.028046546,0.015104653,0.011108415,-0.01267351,0.028879639,0.026729097
200401,0.015117927,0.013527344,-0.006827594,0.046970075,0.000242274,0.033920586,0.001519378,0.006335632
200402,0.011251915,-0.020597053,0.030866152,0.003086832,-0.008806983,-0.009234499,0.044277261,-0.033457734
200403,-0.004869557,0.009947009,0.020572744,-0.045287709,-0.005025005,-0.01134641,-0.012429769,0.074102593
200404,-0.013247112,-0.056298848,-0.0034311,-0.03379905,0.015904668,-0.019830798,-0.019045674,0.015291188
200405,-0.002774351,0.018251915,0.004046842,-0.039642224,-0.017272608,-0.000977508,0.047773301,-0.045667958
200406,0.016038469,0.017418777,-0.022082617,0.025080172,0.016183646,0.01488903,-0.019519853,0.05579487
200407,0.035637026,-0.012942564,0.025285494,-0.00745796,0.0234266,0.005140544,0.052701993,-0.046447086
200408,0.016798061,-0.017607018,0.026466851,-0.017766618,-0.005558086,0.021881836,-0.003513405,0.02462975
200409,0.001665483,0.036950373,0.017212798,0.030233187,-0.014734897,0.024159774,0.017092211,-0.025165336
200410,0.000176334,-0.018551181,-0.00071031,-0.013053155,0.006279658,-0.004003931,0.00183083,-0.01506123
200411,0.019436815,0.019263359,-0.004740045,-0.003227799,0.017265634,0.004811552,-0.006148272,-0.003978134
200412,-0.003496335,-0.021910964,0.056514049,0.001698587,-0.005938685,0.011609958,0.020515231,-0.002364823
200501,-0.004735043,0.038332113,0.013230613,-0.014120301,0.014288557,0.011041924,0.019104445,0.015347527
200502,0.0032842,0.038410222,-0.013175308,-0.00326988,0.02654896,-0.009599277,0.0273544,0.01722011
200503,0.014481296,0.003092258,0.021189384,-0.005317288,-0.009750527,-0.016577542,0.03613768,0.004056678
200504,0.001728009,-0.004968156,-0.03573936,0.009466419,-0.017436493,0.025231527,0.003772667,0.017489977
200505,0.003793397,0.006804409,0.035492226,-0.01109249,0.00761568,-0.002825232,-0.000320791,0.016945131
200506,0.013362991,0.034210891,0.00823328,0.029871491,0.006463668,0.028596849,-0.010378419,0.016212598
200507,0.000652987,-0.00274643,-0.005637823,0.008304912,0.006394112,0.012950678,-0.003459355,0.030955353
200508,0.003655313,0.015349497,0.000646367,0.004629586,0.00025613,0.027909672,-0.005609415,0.025596997
200509,-0.001769813,0.032651795,-0.011216193,0.040222274,-0.007511878,0.040373399,-0.001296263,0.051259044
200510,-0.010967718,-0.026676417,0.019049679,0.00580099,0.0163257,-0.037666461,-0.001405289,0.024656905
200511,-0.007874566,-0.01096513,0.002350176,0.01459111,0.002180294,-0.000641546,-0.048392221,0.025100863
200512,0.005497821,0.010097388,0.009911217,-0.002650127,-0.000649587,0.016681539,-0.072424523,0.030444442
200601,-0.004435668,0.055310618,-0.017711716,0.05092591,-0.016321438,0.055694033,0.030092484,0.013475633
200602,0.02299941,-0.035153942,0.013372951,-0.008278593,0.009092215,0.006589849,0.068789876,-0.048479029
200603,-0.020406127,0.02935745,0.006201814,0.024799922,0.00904418,0.026275184,-0.011447354,0.010148574
200604,0.006466388,0.008729693,-0.046194742,0.046299366,-0.020727724,0.046059226,0.030440793,-0.019734402
200605,0.037261072,-0.046824578,0.017731793,-0.022150792,0.003912087,-0.037169348,0.047576887,-0.044945308
200606,-0.005110207,0.019332833,0.027411274,-0.006213965,0.005703872,-0.010843141,0.003868211,-0.002283074
200607,0.032438157,-0.03135589,0.035172139,0.010196028,0.011455565,-0.012486738,0.027773503,0.004105707
200608,0.011356198,-0.04582322,0.010146664,-0.014268384,0.013378998,-0.006918409,0.002807629,-0.003299449
200609,0.006954955,-0.02226935,0.020572857,-0.029033163,0.016400228,-0.001830965,0.004885236,0.004807315
200610,-0.001412768,0.000592337,0.008640281,0.004895745,0.013432389,0.013517929,-0.017697161,-0.001787516
200611,0.009006993,-0.023500249,0.034950054,0.013907088,-0.006641853,0.016154482,0.003554152,-0.006389727
200612,0.011171328,0.009966256,0.014788303,0.018477467,0.004745681,0.027771522,0.020909792,0.015069026
200701,-0.012566589,-0.005795041,-0.003010987,-0.036332551,0.00847823,0.008997671,0.023462119,-0.017456761
200702,0.015906973,-0.005601808,-0.001950307,0.008316134,0.003703359,-0.00909968,0.020523501,0.001857716
200703,-0.002557883,0.033699196,0.004479272,0.00755389,-0.002203428,0.017431348,0.00708467,0.006949858
200704,-0.006073471,-0.008831318,-0.011701061,0.000297631,0.005522106,0.019009242,0.006000907,0.04116444
200705,-0.011942398,-0.005379129,0.003657648,-0.018381157,-0.008439054,0.00167537,-0.010305348,0.016234154
200706,-0.002398915,0.000848019,-0.043962815,-0.038447675,0.006765478,-0.017271985,-0.008408064,-0.0025153
200707,-0.023089133,0.004681632,-0.019983119,0.001259495,-0.01596481,0.020330071,-0.03594654,0.037309447
200708,-0.019754359,0.009986046,-0.001361488,-0.011385672,-0.014391614,-0.000811147,0.01461748,-0.011227573
200709,-0.039375381,0.034374569,-0.055265061,0.043411492,-0.016071351,0.018655224,-0.027107013,0.047367792
200710,-0.016460494,0.031996253,0.008568428,0.008789722,-0.018712229,0.022472163,-0.017192991,-0.029236562
200711,-0.01924919,0.011928413,-0.034320779,0.056877105,-0.01637965,0.006042747,0.029200066,-0.068916593
200712,-0.016956018,0.048343412,-0.036738589,0.047714698,-0.002972507,0.014664558,0.035108601,-0.024643209
200801,0.043132405,-0.068061788,0.019758212,0.010158816,-0.006661618,-0.00031344,0.038850018,-0.00609391
200802,-0.022207214,0.064637557,-0.081152008,0.110338952,-0.015808769,0.026587871,-0.004855803,0.020362541
200803,-0.002308792,0.006401222,-0.000244978,0.003534913,-0.008255637,-0.007278336,-0.012068001,0.023339335
200804,-0.007849095,0.026204281,-0.027153198,0.077166646,0.003592153,0.013628769,0.041507318,-0.073135412
200805,-0.000623181,0.016482305,-0.036154146,0.036190927,-0.015067696,0.020420267,0.035543369,-0.045089709
200806,-0.05367461,0.107132613,-0.104167858,0.152223386,-0.029743821,0.084841499,0.003745315,0.048360244
200807,0.021357399,-0.06788402,0.048373044,-0.044358292,-0.011934069,-7.66967E-05,0.009890233,0.01451002
200808,0.038197438,-0.067609179,0.05094927,-0.071834493,0.026063547,-0.048681269,0.012661857,0.023419075
200809,0.012942901,-0.040696839,0.025381132,-0.0382002,-0.007627283,-0.009863691,0.017623849,0.014462497
200810,-0.042447478,0.044413351,-0.00508393,0.024456403,-0.026989183,0.023719372,-0.021255242,0.107437924
200811,-0.007374914,0.013795079,0.012864257,-0.012440411,0.005393621,0.003236802,-0.015877446,0.051283926
200812,0.031630201,-0.058542949,0.009679584,0.022345288,-0.015236917,-0.004781212,-0.004351087,0.025566409
200901,-0.022304322,0.002809931,-0.070454746,0.066876916,-0.029673858,0.034841559,0.037034356,-0.034150652
200902,-0.0552133,0.007280892,0.038108396,-0.076317293,-0.028089183,0.014966685,0.038596926,-0.050506835
200903,0.017137428,-0.051060574,0.028005465,-0.101401789,0.040898914,-0.0659724,0.101871414,-0.109920719
200904,0.14789147,-0.241736713,0.104503532,-0.171491011,0.143077574,-0.205578904,0.116678616,-0.158895456
200905,0.022643249,-0.083182213,-0.052115654,-0.037456122,0.026019717,-0.070848674,0.021149753,-0.045349319
200906,-0.009606036,0.055085405,0.007026019,0.027457673,-0.017546377,0.030125401,0.005174,-0.004664952
200907,0.027632344,-0.050181799,0.096047793,-0.016404711,0.048422533,-0.009796308,-0.021138578,-0.030575879
200908,0.024271896,-0.02452702,0.034872313,-0.06203368,0.055129943,-0.057391212,0.025235142,-0.02269976
200909,0.008841145,-0.038601583,-0.034127109,-0.012535692,0.003238554,-0.030378175,-0.035340087,0.023100178
200910,-0.010266409,-0.000301635,-0.023629962,0.017446962,-0.001638862,0.036210168,-0.022287991,-0.003734017
200911,-0.003158404,-0.001733971,-0.037184803,0.024699886,-0.023330015,0.013021355,-0.041232894,-0.026675358
200912,0.0196387,0.018846166,-0.002533088,-0.005504535,0.007009993,0.015718075,0.037960422,0.069936381
201001,0.013248118,-0.028786178,0.029599233,-0.032413699,-0.004643641,0.013169417,0.018330566,-0.016071087
201002,-0.007109652,0.045540809,0.000962688,0.004813759,-0.035347562,0.00043476,0.025509208,-0.047560298
201003,0.000573871,0.026313011,0.000382079,0.10906539,0.032225186,0.052906302,0.039903725,0.045946078
201004,0.01248737,0.024315423,0.020366027,0.004672498,0.008731937,0.036469932,0.019306591,-0.004243824
201005,-0.018489423,-0.00538383,-0.038276483,-0.003927339,-0.027833192,-0.00142316,-0.011306875,-0.011970493
201006,-0.015738023,-0.034183943,-0.081412937,-0.020515609,-0.02806961,0.018057075,-0.01738213,-0.013299941
201007,0.010592489,0.01692776,0.017741653,0.039084962,0.022611564,0.00153212,-0.00414053,-0.006716236
201008,-0.001204653,0.000178209,-0.029134694,0.032514934,-0.035229191,0.002319282,-0.01849746,0.016250426
201009,-0.008683697,0.009324371,0.023691248,-0.020970912,0.009644277,0.056241207,0.007909407,0.0120497
201010,-0.000729582,0.014447046,0.031992263,-0.022495789,0.000505117,-0.002565815,0.011896938,-0.001900723
201011,-0.021991524,0.033753712,-0.010557273,0.051619075,-0.03277259,0.057228093,0.013480974,-0.009106268
201012,0.021249897,-0.030217315,0.014510244,0.005446159,0.021257527,0.013123123,0.027353035,-0.000632051
201101,0.012637014,-0.024922204,0.021122601,-0.028621304,0.057644279,-0.077912716,-0.016452589,0.019890227
201102,-0.00345,0.025905775,-0.018437387,0.005394435,0.003907583,-0.005349425,-0.006953902,0.013108464
201103,-0.007621221,0.017710188,-0.032649312,0.023157257,-0.004051845,0.008286455,0.01233409,0.003298298
201104,-0.014580736,-0.001946311,0.002669723,0.025918853,0.001311369,0.027414645,-0.029671102,0.024804735
201105,-0.002240865,-0.016865118,0.01742751,-0.009622327,-0.024976623,0.00875974,-0.02201375,0.010443028
201106,-0.011413845,0.023121681,-0.013033685,0.033998956,-0.011804909,0.030287648,0.016713641,-0.017548084
201107,-0.007322588,0.006225202,-0.021897824,0.009614001,-0.039152827,-0.001239492,-0.012051377,0.022639936
201108,-0.004042572,-0.026587025,-0.038926928,-0.0427235,-0.039879413,-0.015508308,0.006825148,-0.025709856
201109,-0.022027426,-0.043301886,-0.007000168,-0.061100585,-0.027797126,-0.004350435,0.018361786,-0.034828265
201110,0.034298947,-0.002689683,0.051651584,-0.004201542,0.020492111,-0.021770151,0.002772525,-0.017601748
201111,0.009273292,0.006628443,-0.022346998,0.044919194,-0.041034544,0.042531971,-0.005785747,0.016888693
201112,0.024662233,-0.000510946,-0.024988323,0.035235946,-0.026795931,0.023341921,0.017136137,0.004100545
201201,-0.013910245,-0.066265779,0.009496816,-0.068392333,0.022352072,-0.078605994,0.027123488,-0.026904409
201202,-0.007794836,-0.011779486,-0.023364167,0.013935962,-0.003789541,-0.024706641,0.023100935,-0.075809611
201203,-0.028514211,0.03230457,-0.001244708,0.026793841,-0.032384003,0.029552396,-0.005412909,0.034266586
201204,-0.00823473,0.038480602,-0.00714142,0.008781947,-0.064471737,0.089487719,-0.041641355,0.048415056
201205,-0.01157621,0.062610689,-0.03691122,0.062442159,-0.044852965,0.065683421,-0.017109716,0.047537765
201206,0.012274712,-0.001274099,0.01045442,-0.016612281,0.035677049,-0.04670142,0.001595553,0.003490213
201207,0.013728338,0.013150381,-0.034432707,-0.00485015,-0.022464083,0.03113121,-0.061612571,0.082271331
201208,-0.001439839,-0.017824599,-0.025950693,0.010823286,0.020784504,-0.01799053,-0.058745059,0.049663791
201209,0.002751106,-0.012070886,0.036022938,-0.021164636,0.009009792,0.017215668,0.000426514,0.008345634
201210,0.02382539,-0.006482702,0.03296145,-0.004534319,-0.001514312,0.015266439,0.008450281,-0.01169774
201211,-0.014167972,0.016206749,-0.05717155,0.035427665,-0.005574991,0.016500104,0.043832235,-0.057202981
201212,0.01960789,-0.022921986,0.034560642,0.003348921,0.042810542,-0.02663008,0.084606552,-0.079379229
